area,perimeter,compactness,length_of_kernel,width_of_kernel,asymmetry_coefficient,length_of_kernel_groove,Target
-0.1920665760222017,-0.3602005623015308,1.4423832477086511,-0.7636374532196352,0.2080475442925054,-0.6674793336006529,-1.18919198786653,1
-0.9292951314063592,-0.8514329882104682,-1.132586887795759,-0.4785742917372924,-1.1188668790029477,-0.0414680490922736,-0.1429128188285025,3
0.2488925599085098,0.4534031431101464,-0.7762483517457267,0.6594159481485735,-0.0732583134461314,-0.7068133759712538,0.96047320543967,2
-1.3943692200832811,-1.5268775738352558,-0.5089944497082025,-1.4649833267079433,-1.1613281405484022,0.7152122575286106,-0.703783718410292,3
1.18937571701073,1.021390635567355,1.6884265226003423,0.7928979047157033,1.3173480021675033,-0.5754776751745011,1.1297542405861738,2
-0.5262309212196935,-0.4753331621239381,-0.4114255648373612,-0.1980359423419684,-0.4925632712074944,2.2232394412964,0.0651192966527434,3
2.109188914616197,2.065259540623845,0.6321372907377407,2.114143034125932,1.9436516099629575,0.651211103840853,1.8517480531387311,2
0.3212374181471418,0.2691909833942948,0.9036333182044316,0.1028640614449503,0.4654689424118232,1.2618887786115405,-0.5548979887031255,1
1.6062199001952309,1.6507821812631809,0.2970093818335415,1.6684490435543309,1.4394241291106855,-0.4921428396435667,1.584569551883406,2
1.2410506157526098,1.1979272886283794,0.8951490673460983,1.082485878285069,1.3545016060197763,-0.9768182430914816,0.787113109205299,2
-0.95341008415257,-1.0202941346166643,-0.1950771679498409,-1.1980194135736837,-0.8561378231904485,-1.523494764174411,-0.911815833891536,1
-0.9155151584085248,-0.9205125481039124,-0.5556578294290399,-0.8790201614386796,-0.9277912020484034,0.7712132670053989,-0.5100283167365819,3
0.931001223301329,0.8448539825063304,1.1920978473877937,0.3675655685356984,1.1448491271390946,1.1105527172873637,0.5158555468621066,2
1.409855284976086,1.3514374217249217,0.9842337013586064,1.1661949018949636,1.5031160214288677,-0.5281434885929306,1.1032403435150349,2
-1.13599472637388,-1.120075721129418,-1.0816813826457552,-1.0441758026149592,-1.0976362482302202,2.009902262337208,-0.9220134866112047,3
-0.4814460089767309,-0.413929108885321,-0.4496046936998606,-0.2545960934297359,-0.5137939019802217,-0.1128026683067533,-0.6344396799165422,1
-1.204894591363054,-1.104724707819764,-1.777389953029158,-1.0238141482233625,-1.5673639540768107,0.4245403511967114,-0.5630561108788614,3
-0.3815412047424288,-0.3909025889208387,0.1442928663835249,-0.3315178989090981,-0.3837562884972674,-0.5121432001709911,-1.18919198786653,1
-1.3495843078403185,-1.3503409207742312,-1.3574195355416172,-1.317926933879749,-1.4373263405938566,1.1318864351832827,-0.7404952682010996,3
0.2247776071622989,0.2308134501201586,0.4666943990002244,0.5621324882776145,0.3646234462413681,0.6738781791052676,0.2445979845189141,1
-0.1231667110330277,0.0389257837494801,-0.7295849720248894,0.1956227092288865,-0.386410117343858,0.2772043619780194,-0.0246200472803437,1
-0.8225003406731399,-0.8821350148297761,-0.01690789992482,-0.8880697856127233,-0.6411776866165853,0.8578814959575707,-0.5324631527198537,3
0.4555921548760312,0.629939796171171,-0.5174787005665358,0.3019557932738873,0.3407389866220502,0.3905397383000901,0.6015158297073266,2
-1.180779638616843,-1.3042878808452694,-0.114476784795666,-1.403898363533155,-1.084367103997266,-0.6668126549164053,-1.6338096464440934,1
1.2100456765074816,1.504947554821464,-1.0944077589332597,2.347170856607532,0.6008142135879586,0.8218808470082068,2.120966084937991,2
-0.2540764545124579,-0.2297169491694694,0.0509661069418502,-0.2455464692556942,-0.2404495307813578,-0.6748127991273749,-0.3856169535566215,1
-1.2462345103565575,-1.4808245339062924,0.5515369075835659,-1.6437134041452854,-1.00740606744613,-0.9541511678270672,-1.4380147142264506,1
-0.6778106241958752,-0.8130554549363319,0.7169797993210822,-1.107523171833257,-0.370487144264312,-0.8988168370345269,-1.6338096464440934,1
-0.9637450639009458,-0.8821350148297761,-1.2471242743832716,-0.8179351982638913,-1.092328590537039,0.8585481746418183,-0.7384557376571651,3
-0.2368514882651642,-0.122259856001889,-0.5344472022832022,0.0666655647487796,-0.3439488557984035,-0.4188081843763445,-0.4733167669457743,1
-1.2014495981135953,-1.1584532544035526,-1.3913565389749547,-1.026076554266874,-1.3364808444234026,0.2318702114491913,-0.2958776096235361,3
1.1445908047677675,1.3053843817959598,-0.3096145545373486,1.4535204694208177,0.6724675924459135,-0.5648108162265415,1.7640482397495785,2
0.011188025695861,0.0082237571301722,0.4285152701377203,-0.1686246637763299,0.1974322289061417,-1.7881662018206586,-0.9220134866112047,1
-1.1773346453673843,-1.0970492011649355,-1.590736434145804,-1.0238141482233625,-1.4320186829006754,-0.986151744670946,-0.5630561108788614,3
-0.8914002056623139,-0.7363003883880608,-1.599220685004137,-0.4989359461288871,-1.1294821943893112,0.7038787198964039,-0.0980431468619589,3
1.275500548247197,1.2746823551766493,0.6575900433127404,1.1865565562865583,1.10238786559364,-1.3081575491624766,0.9910661635986776,2
0.6967416823381387,0.8371784758515034,-0.2629511748165113,1.1548828716774104,0.5424299789629592,-0.0028006854059198,1.1399518933058426,2
1.2892805212450316,1.1441987420445894,1.5102572545753217,0.9241174552393217,1.5960000310595484,1.5338936817845108,0.9563941443518028,2
-0.9740800436493224,-0.9435390680683932,-0.8780593620457393,-0.6301554966525075,-1.1905202578609024,0.3805395580363782,-0.2040987351465163,3
0.7690865405767701,0.629939796171171,1.565404885154497,0.4603242163196346,1.1262723252129578,-0.4961429117490517,0.1548586405858287,1
-0.7673804486818016,-0.6825718418042707,-0.971386121487414,-0.4944111340418663,-0.922483544355221,-0.2628053722624353,-0.3611425870294171,3
1.4822001432147172,1.4512190082376737,0.7636431790419196,1.3946979122895409,1.4765777329629577,-0.4108080401653748,1.584569551883406,2
